Statistic Measure	SVM(BoW)	Random Forest(BoW)	SVM(SVD)	Random Forest(SVD)	SVM(W2V)	Random Forest(W2V)	SVM(TF-IDF)
Accuracy	0.9543438086235344	0.9477405467785058	0.9528771483385651	0.945947688695488	0.9498605997997742	0.9395897233401274	0.9699164795366887
Precision	0.9543438086235344	0.9477405467785058	0.9528771483385651	0.945947688695488	0.9498605997997742	0.9395897233401274	0.9699164795366887
Recall	0.9543438086235344	0.9477405467785058	0.9528771483385651	0.945947688695488	0.9498605997997742	0.9395897233401274	0.9699164795366887
F-Measure	0.9543438086235344	0.9477405467785058	0.9528771483385651	0.945947688695488	0.9498605997997742	0.9395897233401274	0.9699164795366888
